sequence,filename,image_path,mask_path,accuracy,balanced_accuracy,macro_f1,high_risk_recall,unsafe_to_safe_error_rate,unsafe_to_medium_error_rate,safe_to_high_risk_rate,total_pixels,precision_low_risk,precision_medium_risk,precision_high_risk,recall_low_risk,recall_medium_risk,recall_high_risk,f1_low_risk,f1_medium_risk,f1_high_risk
creek,creek_01021.png,data\raw\rugd\RUGD_frames-with-annotations\RUGD_frames-with-annotations\creek\creek_01021.png,data\raw\rugd\RUGD_annotations\RUGD_annotations\creek\creek_01021.png,0.4666516913319239,0.2314315068180611,0.2524039814283079,0.562269900138781,0.20977981670054188,0.22795028316067714,0.9174242424242425,378400,0.0,0.1391323260366158,0.6952446484463503,0.0,0.13202462031540227,0.562269900138781,0.0,0.13548531775200273,0.621726626532921
park-8,park-8_00381.png,data\raw\rugd\RUGD_frames-with-annotations\RUGD_frames-with-annotations\park-8\park-8_00381.png,data\raw\rugd\RUGD_annotations\RUGD_annotations\park-8\park-8_00381.png,0.9909698731501058,0.6598131077049377,0.6592330134781296,0.9941288531668995,0.0,0.0058711468331004955,0.0,378400,0.0,0.9814334431198811,0.9945330395356351,0.0,0.9853104699479136,0.9941288531668995,0.0,0.9833681351576303,0.9943309052767585
trail-6,trail-6_01916.png,data\raw\rugd\RUGD_frames-with-annotations\RUGD_frames-with-annotations\trail-6\trail-6_01916.png,data\raw\rugd\RUGD_annotations\RUGD_annotations\trail-6\trail-6_01916.png,0.5458007399577167,0.5849253379805488,0.376950485786894,0.9969313207782295,0.0030686792217704878,0.0,0.3192090395480226,378400,0.00144477483094336,1.0,0.9731274898379134,0.6807909604519774,0.07705373271143943,0.9969313207782295,0.002883430444718297,0.14308243009837546,0.9848855968175884
