{
  "mode": "segformer_eval",
  "model": "nvidia/segformer-b2-finetuned-ade-512-512",
  "model_key": "segformer_b2",
  "device_used": "cuda",
  "subset_size_requested": 30,
  "seed": 42,
  "successful_images": 30,
  "failed_images": 0,
  "total_pixels_evaluated": 11352000,
  "elapsed_seconds": 27.629989000037313,
  "runtime_per_image_seconds": 0.9209996333345771,
  "cuda_memory": {
    "device": "NVIDIA GeForce RTX 3050 Laptop GPU",
    "allocated_bytes": 118405120,
    "reserved_bytes": 1111490560,
    "max_allocated_bytes": 592689152
  },
  "aggregate_metrics": {
    "accuracy": 0.7455480091613813,
    "balanced_accuracy": 0.7619902847869146,
    "macro_f1": 0.6467027617664848,
    "per_class_precision": {
      "low_risk": 0.28470881541175896,
      "medium_risk": 0.9528541901722704,
      "high_risk": 0.9301289368979888
    },
    "per_class_recall": {
      "low_risk": 0.9389467451256384,
      "medium_risk": 0.4024341724189026,
      "high_risk": 0.9445899368162026
    },
    "per_class_f1": {
      "low_risk": 0.4369308229548592,
      "medium_risk": 0.5658737993215301,
      "high_risk": 0.9373036630230648
    },
    "high_risk_recall": 0.9445899368162026,
    "unsafe_to_safe_error_rate": 0.04869824839028371,
    "unsafe_to_medium_error_rate": 0.006711814793513619,
    "safe_to_high_risk_rate": 0.019961980029048296,
    "total_pixels": 11352000
  },
  "confusion_matrix": [
    [
      941911,
      41221,
      20025
    ],
    [
      2064899,
      1673009,
      419316
    ],
    [
      301521,
      41557,
      5848541
    ]
  ],
  "worst_images_by_unsafe_to_safe_error": [
    {
      "sequence": "creek",
      "filename": "creek_01221.png",
      "image_path": "data\\raw\\rugd\\RUGD_frames-with-annotations\\RUGD_frames-with-annotations\\creek\\creek_01221.png",
      "unsafe_to_safe_error_rate": 0.3880508864547968,
      "high_risk_recall": 0.595749075137597,
      "accuracy": 0.6243313953488372
    },
    {
      "sequence": "creek",
      "filename": "creek_01086.png",
      "image_path": "data\\raw\\rugd\\RUGD_frames-with-annotations\\RUGD_frames-with-annotations\\creek\\creek_01086.png",
      "unsafe_to_safe_error_rate": 0.3311548295165985,
      "high_risk_recall": 0.6601214815760682,
      "accuracy": 0.6358403805496828
    },
    {
      "sequence": "trail-5",
      "filename": "trail-5_01791.png",
      "image_path": "data\\raw\\rugd\\RUGD_frames-with-annotations\\RUGD_frames-with-annotations\\trail-5\\trail-5_01791.png",
      "unsafe_to_safe_error_rate": 0.07879783481000727,
      "high_risk_recall": 0.9212021651899928,
      "accuracy": 0.2711971458773784
    },
    {
      "sequence": "creek",
      "filename": "creek_01021.png",
      "image_path": "data\\raw\\rugd\\RUGD_frames-with-annotations\\RUGD_frames-with-annotations\\creek\\creek_01021.png",
      "unsafe_to_safe_error_rate": 0.0669881136985976,
      "high_risk_recall": 0.8613276146978884,
      "accuracy": 0.6723467230443975
    },
    {
      "sequence": "trail",
      "filename": "trail_02906.png",
      "image_path": "data\\raw\\rugd\\RUGD_frames-with-annotations\\RUGD_frames-with-annotations\\trail\\trail_02906.png",
      "unsafe_to_safe_error_rate": 0.06575299588624575,
      "high_risk_recall": 0.9342470041137543,
      "accuracy": 0.3481210359408034
    }
  ],
  "outputs": {
    "per_image_metrics_csv": "outputs\\phase4_segformer_b2\\per_image_metrics.csv",
    "summary_metrics_json": "outputs\\phase4_segformer_b2\\summary_metrics.json",
    "runtime_summary_json": "outputs\\phase4_segformer_b2\\runtime_summary.json",
    "confusion_matrix_npy": "outputs\\phase4_segformer_b2\\confusion_matrix.npy",
    "confusion_matrix_csv": "outputs\\phase4_segformer_b2\\confusion_matrix.csv",
    "selected_pairs_csv": "outputs\\phase4_segformer_b2\\selected_pairs.csv",
    "failures_csv": "outputs\\phase4_segformer_b2\\failures.csv",
    "qualitative_examples_dir": "outputs\\phase4_segformer_b2\\qualitative_examples"
  }
}