sequence,filename,image_path,mask_path,accuracy,balanced_accuracy,macro_f1,high_risk_recall,unsafe_to_safe_error_rate,unsafe_to_medium_error_rate,safe_to_high_risk_rate,total_pixels,precision_low_risk,precision_medium_risk,precision_high_risk,recall_low_risk,recall_medium_risk,recall_high_risk,f1_low_risk,f1_medium_risk,f1_high_risk
creek,creek_01021.png,data\raw\rugd\RUGD_frames-with-annotations\RUGD_frames-with-annotations\creek\creek_01021.png,data\raw\rugd\RUGD_annotations\RUGD_annotations\creek\creek_01021.png,0.6723467230443975,0.3746642082599228,0.2800768084155727,0.8613276146978884,0.0669881136985976,0.07168427160351397,0.7401515151515151,378400,0.017037552155771907,0.010862440303399194,0.7534386037814254,0.25984848484848483,0.0028165252333952483,0.8613276146978884,0.031978370315122136,0.004473194574323478,0.8037788603572725
creek,creek_01086.png,data\raw\rugd\RUGD_frames-with-annotations\RUGD_frames-with-annotations\creek\creek_01086.png,data\raw\rugd\RUGD_annotations\RUGD_annotations\creek\creek_01086.png,0.6358403805496828,0.5067877287447818,0.4393418303469209,0.6601214815760682,0.3311548295165985,0.008723688907333297,0.5048559670781892,378400,0.02432554829527075,0.771163215590743,0.9414588920896659,0.4951440329218107,0.3650976717364665,0.6601214815760682,0.04637287926555719,0.4955726236485495,0.7760799881266559
creek,creek_01221.png,data\raw\rugd\RUGD_frames-with-annotations\RUGD_frames-with-annotations\creek\creek_01221.png,data\raw\rugd\RUGD_annotations\RUGD_annotations\creek\creek_01221.png,0.6243313953488372,0.6485526741334924,0.5056302855053653,0.595749075137597,0.3880508864547968,0.016200038407606154,,378400,0.0,0.9414015911086646,0.8878682823570071,0.0,0.7013562731293879,0.595749075137597,0.0,0.803840816509244,0.713050040006852
